Timestamp,Host,Connections,Alert
2025-11-19 14:24:02,26,18,EXCESSIVE CONNECTIONS
2025-11-19 14:24:02,46,17,EXCESSIVE CONNECTIONS
2025-11-19 14:24:03,38,16,EXCESSIVE CONNECTIONS
2025-11-19 14:24:03,46,18,EXCESSIVE CONNECTIONS
2025-11-19 14:24:04,36,18,EXCESSIVE CONNECTIONS
2025-11-19 14:24:04,37,16,EXCESSIVE CONNECTIONS
2025-11-19 14:24:04,38,16,EXCESSIVE CONNECTIONS
2025-11-19 14:24:04,37,17,EXCESSIVE CONNECTIONS
2025-11-19 14:24:04,24,16,EXCESSIVE CONNECTIONS
2025-11-19 14:24:04,43,17,EXCESSIVE CONNECTIONS
2025-11-19 14:24:05,34,17,EXCESSIVE CONNECTIONS
2025-11-19 14:24:05,31,19,EXCESSIVE CONNECTIONS
2025-11-19 14:24:05,32,16,EXCESSIVE CONNECTIONS
2025-11-19 14:24:06,2,16,EXCESSIVE CONNECTIONS
2025-11-19 14:24:06,25,17,EXCESSIVE CONNECTIONS
2025-11-19 14:24:06,44,16,EXCESSIVE CONNECTIONS
2025-11-19 14:24:06,33,18,EXCESSIVE CONNECTIONS
2025-11-19 14:24:06,8,17,EXCESSIVE CONNECTIONS
2025-11-19 14:24:06,9,16,EXCESSIVE CONNECTIONS
2025-11-19 14:24:06,40,17,EXCESSIVE CONNECTIONS
2025-11-19 14:24:07,6,20,EXCESSIVE CONNECTIONS
2025-11-19 14:24:07,41,16,EXCESSIVE CONNECTIONS
2025-11-19 14:24:07,47,18,EXCESSIVE CONNECTIONS
2025-11-19 14:24:07,22,16,EXCESSIVE CONNECTIONS
2025-11-19 14:24:08,32,18,EXCESSIVE CONNECTIONS
